gene,z score
TGM3,760.4
PAGE5,548.727
PAGE2,468.634
INSL4,394.59
PAGE2B,358.76300000000003
CHRNB3,349.31699999999995
DUSP15,235.775
MAG,124.62
COL10A1,81.37100000000001
PYGB,70.13
CST1,63.867
OBP2A,60.846000000000004
GCG,56.475
THEM5,51.843
FCRLB,51.406000000000006
BIRC2,48.095
DBX2,42.373999999999995
ECM1,41.287
PRSS35,41.043
ITGA10,40.843
YAP1,39.046
PROKR1,37.24
TTLL9,35.438
ARSE,34.308
TMEM196,34.058
FCGR1A,33.001999999999995
SERPINA12,32.925
DCUN1D5,32.775999999999996
PIP5K1B,31.633000000000003
SH2D2A,31.090999999999998
ADAMTS5,30.671
ERICH4,30.397
ACBD5,29.993000000000002
PDE4DIP,29.506
CST4,29.391
JCAD,29.381999999999998
BCAN,26.494
OR4C6,25.979
TP53INP2,25.71
HYPM,24.989
ADAMTS20,24.93
CSMD3,24.750999999999998
ID1,24.601999999999997
ABHD12B,22.923000000000002
HAS3,22.365
TMEM169,22.12
DPY19L3,21.874000000000002
CDK5R1,21.872
GABRG2,21.575
ARVCF,21.388
GRAMD1B,21.364
NOL4L,20.933000000000003
KLF1,20.623
KRT86,20.337
SLC7A14,19.979
ARMC4,19.959
DLGAP4,19.645
HMCN1,19.259
MCF2,19.108
GABRG3,19.07
FNDC7,18.743
SLC27A3,18.734
CST2,18.585
UNC13A,18.524
FTO,18.497
ITLN2,18.48
COL19A1,18.237000000000002
RIPOR3,18.229
DEFA5,18.159000000000002
KCNK2,18.14
TMEM114,18.05
SLC38A11,17.719
SHROOM2,17.647000000000002
OTUD6A,17.598
ZFHX3,17.515
ZNF676,17.462
GJA3,17.385
MLLT10,16.996
FFAR1,16.977
COL22A1,16.86
NINL,16.820999999999998
F5,16.768
EDARADD,16.537
MTX3,16.445
PAX9,16.293
FAM153A,16.218
OR2B11,16.143
CDH11,16.025
HRNR,15.939
MEP1A,15.876
DNAH10,15.825999999999999
IGFBPL1,15.797
SERPIND1,15.755
ZBTB46,15.731
WNT3A,15.704
SMOC1,15.54
CPA6,15.533
MYH10,15.511
CEP126,15.078
SLC7A9,15.045
NTRK1,14.565999999999999
LCN6,14.522
OR52K2,14.446
SCGB2A1,14.434000000000001
TMEM123,14.369000000000002
SNTB1,14.368
EDN3,14.363
C9orf131,14.245
KIAA1217,14.198
GTF2A1L,14.193
TNMD,14.037
FABP2,13.953
AAR2,13.944
DNAH17,13.921
JAG1,13.863
FLG,13.845999999999998
GNAI1,13.834000000000001
P2RX1,13.765999999999998
RSPRY1,13.764000000000001
AKR1E2,13.725999999999999
ACSS2,13.55
NKX2-2,13.507
PROX2,13.499
FHL5,13.364
PLEKHH2,13.267999999999999
PLCZ1,13.2
PSKH1,13.162
COL12A1,13.091
EPB41L1,13.064
C5AR2,13.057
INSL6,12.982000000000001
CHODL,12.981
ZNF319,12.757
SLC39A12,12.728
PRSS21,12.724
BIRC3,12.719000000000001
STPG2,12.717
RIMS1,12.595999999999998
APOL5,12.536
PTHLH,12.509
OSBP2,12.446
SYTL5,12.444
ANXA9,12.422
AWAT2,12.332
DAND5,12.071
CPA1,12.048
NOM1,11.927999999999999
GRXCR2,11.888
PDE2A,11.832
C2CD4D,11.637
TCTEX1D1,11.637
SPRY4,11.628
CHRNA6,11.37
SPRY2,11.344000000000001
NPR1,11.309000000000001
SYN1,11.279000000000002
DUSP4,11.244000000000002
CTSS,11.2
ADAM8,11.164000000000001
PLXDC2,11.163
EPHA5,11.159
PRTFDC1,11.145
STIM2,11.04
PTPRT,10.934000000000001
LY6K,10.931
TRPC4,10.883
MTMR11,10.839
PECR,10.748
TSPAN5,10.735999999999999
LPCAT2,10.626
C8orf33,10.609000000000002
JCAD,10.599
SERPINI2,10.561
PGF,10.524000000000001
DSTN,10.498
AHCYL2,10.454
GPR174,10.436
F2RL2,10.36
PRRX2,10.34
NLRP3,10.332
INSRR,10.312000000000001
FAM153C,10.308
STAM,10.179
NTRK1,10.173
TNFRSF6B,10.047
BOP1,10.041
FXYD4,9.988
CNGA1,9.952
ALDH1B1,9.863
RGS2,9.853
TGM2,9.818
IFNL3,9.769
RAB18,9.745
TDRD12,9.743
SDC1,9.738999999999999
LETM2,9.703
LTK,9.684
ADAMTSL3,9.664
SLC38A7,9.607000000000001
COA4,9.581
TSKU,9.574
RASEF,9.568999999999999
STARD5,9.562999999999999
RP1,9.395
CSNK1E,9.378
UVRAG,9.375
ARHGAP6,9.357999999999999
SERPINA6,9.349
TFDP3,9.187999999999999
DYNC2H1,9.145
PI4KB,9.124
IRX3,9.101
RFLNB,9.054
SLC12A3,9.029
CLPB,8.961
EIF2B2,8.905
PDK3,8.902999999999999
KCNK17,8.896
LOXL3,8.89
NARS2,8.877
TMEM87B,8.867
OLFML2A,8.853
ZNF507,8.85
PPFIBP1,8.824
ANKRD27,8.816
APMAP,8.815
ARAP1,8.8
SLC17A1,8.773
TIGD5,8.765
CLCN5,8.731
TAF1D,8.71
TEX37,8.7
NT5E,8.699
JRKL,8.695
ELFN2,8.61
BPI,8.581
ALG8,8.564
GSTA4,8.548
CABP4,8.533999999999999
CD55,8.522
MRGPRX3,8.504
LRRC7,8.496
SH2B3,8.486
ADGRE2,8.482999999999999
FOXB2,8.424
CNBD2,8.415
PRDM12,8.402999999999999
GALT,8.351
SLFN14,8.317
FGF5,8.312000000000001
ZNF774,8.299
DGAT1,8.296
NINJ2,8.289
CBFB,8.243
ZNF281,8.238
TRIM45,8.234
IFNB1,8.122
DCLK3,8.121
OLFM3,8.113
SMIM21,8.081
THAP12,8.076
MRGPRE,8.052
LZTS1,8.035
CYGB,8.026
LRFN4,8.013
TACSTD2,8.005
OR13J1,7.976
SRPX,7.9670000000000005
ENG,7.96
KCNK10,7.935
NANOS2,7.928
PTK2,7.917999999999999
XKR3,7.912999999999999
TPD52L2,7.906000000000001
NTRK2,7.888999999999999
CRYBG3,7.869
JAZF1,7.869
ARFGEF1,7.859
SQLE,7.856
MFSD3,7.831
MAGEA8,7.801
TAS2R14,7.792000000000001
LYPD4,7.787000000000001
TPD52L3,7.765
FNDC1,7.763999999999999
CMBL,7.747000000000001
RFX8,7.742000000000001
SLC7A6,7.7410000000000005
INSM2,7.702999999999999
UHRF2,7.702000000000001
THBS2,7.7010000000000005
CLNS1A,7.662999999999999
UNC119,7.65
MRTFB,7.602
WWC3,7.587000000000001
ITGA10,7.575
ACP6,7.572
SSTR1,7.571000000000001
MRPS2,7.57
ANKRD9,7.566
SPON1,7.546
XRRA1,7.499
S1PR5,7.492000000000001
ECM1,7.473
TMEM126B,7.462999999999999
FAM19A3,7.452000000000001
DUSP6,7.433
TBX2,7.432
LPAR1,7.432
ETV1,7.4239999999999995
ADAMTS10,7.422000000000001
ZNF594,7.421
TIMP1,7.417999999999999
NOTCH3,7.412000000000001
USP35,7.405
CCDC90B,7.3839999999999995
MYL9,7.382999999999999
GPR141,7.38
CTNNBL1,7.377999999999999
CCDC198,7.343
CCDC82,7.32
LEFTY2,7.289
GPCPD1,7.28
SIAH3,7.274
PPEF1,7.191
ZNF697,7.166
GLOD5,7.159
STON1,7.157
IZUMO1,7.156000000000001
FOXL1,7.149
BCL2L11,7.145
ARL6,7.136
PAAF1,7.129
RNFT1,7.121
IL12B,7.106
LHX2,7.102
LINGO1,7.096
POTEB,7.057
GLP1R,7.041
DBX1,7.034
SPCS2,7.034
PHACTR1,7.026
NALCN,7.021
PTGFRN,7.007000000000001
C9orf135,6.977
ZC3H3,6.946000000000001
MT2A,6.945
KRT3,6.94
ZDHHC7,6.934
RTL5,6.9
NCK2,6.896
LYPD8,6.857
HTR1B,6.837999999999999
PODNL1,6.81
KCNA6,6.805
NDUFC2,6.787999999999999
MRPL48,6.784
GSG1L,6.773
MRPL9,6.712999999999999
PPME1,6.694
LRFN1,6.678999999999999
KRT84,6.659
TAS2R8,6.62
ERRFI1,6.5920000000000005
AMACR,6.591
CRTC2,6.565
ELMO2,6.564
ENTPD6,6.553
FOXS1,6.55
OAZ3,6.542000000000001
FBXO39,6.542000000000001
ZNF707,6.522
TFPI2,6.507999999999999
DISP1,6.482
BACE2,6.471
SIK1,6.468999999999999
FCRL5,6.468999999999999
HIKESHI,6.462000000000001
PYCR3,6.456
INPPL1,6.446000000000001
RRAGB,6.437
CXCL3,6.436
CST5,6.403
ASB6,6.402
ZNF200,6.394
FAM155A,6.382000000000001
UBAP1,6.372999999999999
KIAA1549L,6.369
CCDC90B,6.354
FAM166B,6.332000000000001
MFF,6.291
ACSL3,6.29
TEX13B,6.28
PAK3,6.279
RELT,6.266
INTS4,6.25
MCF2L2,6.24
FAM182B,6.235
TMEM163,6.22
SYCP2,6.2139999999999995
PRH2,6.206
KYNU,6.199
EGR3,6.187
RYR2,6.18
CUBN,6.169
PTAR1,6.16
SLC25A37,6.147
HS3ST5,6.1160000000000005
PITPNM3,6.1129999999999995
MOSPD2,6.1129999999999995
CPA2,6.11
CXCL2,6.109
MAPK15,6.085
OR10G2,6.067
GJA1,6.061
ITPRIPL1,6.0520000000000005
KRT1,6.0520000000000005
GABBR2,6.045
RGS4,6.032
TUSC1,6.026
MRGPRX4,5.999
DNAH14,5.989
SIPA1L2,5.972
LEFTY1,5.962000000000001
RRBP1,5.954
CHORDC1,5.9479999999999995
CCDC146,5.943
RUNX3,5.94
RASGEF1C,5.934
ZFP90,5.919
C16orf54,5.914
PELO,5.906000000000001
CD22,5.895
AP000812.4,5.888999999999999
LRTOMT,5.888999999999999
RXRG,5.888
DCAKD,5.869
CASZ1,5.858
INSRR,5.857
VAMP1,5.847
SNX30,5.8420000000000005
SIGMAR1,5.827000000000001
RNF121,5.803999999999999
C2CD4D,5.803
PRSS27,5.8020000000000005
FPGT,5.8020000000000005
NES,5.801
SRC,5.785
MYH10,5.773
PDE3A,5.763999999999999
MAGEA1,5.751
RAB14,5.75
ZNF99,5.7379999999999995
TRIM26,5.7379999999999995
TTL,5.728
PDE4DIP,5.727
TEDDM1,5.7139999999999995
SERPINA10,5.699
PRSS42,5.692
SEPT6,5.672000000000001
CCN2,5.672000000000001
MT1M,5.671
TRIM66,5.67
ABCA6,5.662000000000001
B4GALT1,5.642
DEGS1,5.631
EPS15,5.622999999999999
CYP2F1,5.62
FOXC2,5.614
RNF112,5.61
USP16,5.609
SLC38A8,5.601
ANKH,5.595
BRF2,5.582999999999999
TTLL13P,5.568
C8orf76,5.566
PMP22,5.564
DLGAP3,5.544
OR4C13,5.542999999999999
THBS1,5.542000000000001
TUBAL3,5.5329999999999995
TBC1D21,5.526
IKBKB,5.525
CNST,5.524
CTSV,5.523
LHFPL5,5.505
CHML,5.5
COL4A6,5.487
TEKT5,5.486000000000001
UBA2,5.485
ZNF735,5.484
FGF14,5.476
RAB15,5.475
HIPK4,5.473
EED,5.472
MRO,5.462999999999999
TMPPE,5.462999999999999
KIF12,5.459
LRRN3,5.454
MAPK4,5.454
ZNF75A,5.452999999999999
OLR1,5.436
OSGIN2,5.428
C9orf47,5.426
AREG,5.422999999999999
BEX5,5.412000000000001
GLIS2,5.406000000000001
LPIN1,5.405
NKX2-8,5.403
PLEKHG3,5.4
FAM181B,5.4
SEC14L1,5.391
NMT1,5.39
FAM78B,5.386
ITPRIP,5.3839999999999995
TAS2R31,5.381
PDGFRA,5.37
TG,5.367000000000001
CDH22,5.364
NUMA1,5.364
MIGA2,5.358
RAB22A,5.35
HSF1,5.347
ARX,5.3420000000000005
PTPA,5.3229999999999995
PTK2,5.311
TLN1,5.303
COL25A1,5.2829999999999995
OR4E2,5.278
MCL1,5.271
GJA5,5.26
C11orf94,5.255
FBXO47,5.249
SLC16A3,5.2410000000000005
NECTIN3,5.232
FAM122C,5.229
SLC39A4,5.226
ADD2,5.218
FAM169B,5.211
STC1,5.207000000000001
EQTN,5.206
ETV1,5.199
MBD3L5,5.194
ERP27,5.187
USP6,5.176
STMN3,5.176
C11orf24,5.1739999999999995
ANKRD36B,5.167999999999999
PLD5,5.157
ARAP3,5.155
RNF38,5.155
ACVRL1,5.153
KYAT1,5.15
ZBTB7B,5.144
DUSP6,5.143
C2orf72,5.132999999999999
TRIL,5.127000000000001
C2orf70,5.125
POU5F1,5.124
ZNF488,5.122000000000001
TMEM233,5.118
TDRD12,5.11
CAPN5,5.1080000000000005
PUS10,5.103
SRPX2,5.1
CRABP2,5.0969999999999995
OR8B2,5.092
GPR152,5.088
PALM2,5.086
MLLT11,5.077
GBA2,5.077
DIO2,5.074
HEYL,5.071000000000001
LENG9,5.069
SEPT7,5.069
SERPINA11,5.0680000000000005
PRDM14,5.065
ERP27,5.061
PPP1R3D,5.047
ZSCAN22,5.026
ARHGEF7,5.02
DCAF8L1,5.01
BAIAP2L2,5.008
ITM2A,5.003
NAPB,4.998
POLD3,4.997
BCAR3,4.994
SLC2A9,4.988
RUSC1,4.986000000000001
GIMAP6,4.9830000000000005
VTN,4.981
DIPK1B,4.978
CHN2,4.978
AC004593.3,4.978
EDIL3,4.977
FGF1,4.974
LIX1L,4.973
TBX15,4.963
TBC1D2,4.939
RABGAP1L,4.937
RPUSD1,4.937
SLC39A10,4.931
RGS7,4.926
XRCC3,4.913
SHARPIN,4.909
WDR49,4.907
GGA1,4.905
SP8,4.901
HRASLS5,4.9
PATL2,4.894
HIST2H3D,4.893
ARHGAP21,4.8919999999999995
OR2AG2,4.8919999999999995
TRAPPC10,4.89
RCSD1,4.873
TMEM107,4.872
PLAUR,4.871
TGM2,4.871
EFHD2,4.87
KCNK16,4.8469999999999995
ALK,4.8389999999999995
SMURF2,4.821000000000001
MEOX1,4.819
RP1,4.803
HSH2D,4.802
ALG2,4.791
CWC15,4.777
SLC36A4,4.772
UBAP2,4.77
AVPI1,4.76
DOK1,4.757
MLKL,4.751
CFHR3,4.748
DDIT4,4.748
CDK18,4.7410000000000005
MATN3,4.739
SLX4IP,4.737
IFNB1,4.729
ZNF217,4.725
SGCD,4.717
GABRR1,4.711
DOK4,4.711
SYCE1L,4.704
NPIPB5,4.7010000000000005
C9orf85,4.697
NIPAL1,4.694
PTPDC1,4.6930000000000005
STAMBPL1,4.691
CFAP300,4.69
TMEM92,4.689
TKTL1,4.678
SDCCAG8,4.677
SLC25A32,4.677
ZNF572,4.675
ZNF560,4.671
PARP10,4.665
PPP1CC,4.66
TM6SF2,4.659
GOLGA2,4.657
RPA4,4.657
GPR63,4.655
DCDC2B,4.6530000000000005
RANBP3L,4.644
SLC17A9,4.63
CTSC,4.624
TAF1L,4.615
HRASLS2,4.611000000000001
ANAPC15,4.607
PRSS48,4.603
GPATCH2L,4.596
CHRM1,4.596
ANO2,4.593
CORIN,4.592
TAS2R19,4.591
OSTC,4.59
PRDM6,4.5889999999999995
FUT9,4.587
SHC4,4.583
TMCO5A,4.582
SLC25A21,4.58
MFAP3L,4.574
PRELP,4.574
MED17,4.57
KCTD14,4.566
GNS,4.564
PAK5,4.551
CPNE7,4.545
ANKRD22,4.545
YME1L1,4.542
ANOS1,4.542
CFH,4.535
GLCE,4.526
MT1E,4.52
GBP1,4.519
OLFML3,4.513
IFI44,4.513
ALG1L2,4.5089999999999995
KCNF1,4.507
USP17L2,4.506
ZNF548,4.502
MAF1,4.497
FGF21,4.495
DPPA2,4.495
P2RY14,4.493
OSBPL7,4.48
NFX1,4.477
SLCO1B7,4.465
TCHH,4.465
OLR1,4.4639999999999995
PDGFB,4.4639999999999995
OR4N4,4.4639999999999995
ITGA1,4.463
OXGR1,4.46
MRPS6,4.449
SULT1A3,4.448
ST6GAL2,4.448
TRIM17,4.448
NBN,4.438
DIRAS3,4.434
FAM78B,4.433
PKIB,4.431
TLDC2,4.423
VWA3A,4.421
MT1F,4.419
RPS6KC1,4.416
TATDN1,4.415
INPP4A,4.415
GRIPAP1,4.414
COL6A1,4.409
C15orf39,4.409
THBS4,4.408
UGT2A3,4.407
DCAF10,4.405
APOBEC4,4.4
TMEM131,4.4
SGIP1,4.399
GYG2,4.395
STMN3,4.394
TSPAN15,4.383
PBX2,4.378
RHOB,4.372
C2orf80,4.369
RS1,4.369
FRMD4B,4.367
TCP11L1,4.365
DDX58,4.363
ACVR1,4.361000000000001
GNG11,4.3580000000000005
IFNK,4.357
LRRC15,4.351
FAM92A,4.343
SVIL,4.341
FGF18,4.337
GAB3,4.332
VPS53,4.331
GALNT15,4.329
GLTPD2,4.325
CDK9,4.322
POTEB,4.3180000000000005
PGBD5,4.314
PPP1R16A,4.312
KCNJ9,4.309
CCDC83,4.309
GRHL3,4.3069999999999995
PYGB,4.306
MAP4K4,4.3
FZD6,4.296
C3orf67,4.285
TMEM135,4.276
HES4,4.276
TRIM58,4.273
CSAG3,4.269
SPATA4,4.263999999999999
LOXL3,4.263999999999999
MEN1,4.2589999999999995
SHROOM4,4.2589999999999995
PATE4,4.256
PPFIA2,4.256
CFHR3,4.256
VPS72,4.255
GJA5,4.254
TMC4,4.251
OMG,4.251
PPP1R14A,4.249
SFRP2,4.248
ADCY1,4.248
SALL4,4.237
NXNL2,4.225
RMDN3,4.224
ITPRIPL2,4.224
CTSL,4.224
SMC5,4.223
RIMKLB,4.221
NTF4,4.22
FBLN1,4.217
CTTNBP2,4.216
WHAMM,4.216
MRPS30,4.2139999999999995
C17orf78,4.212
NUDT17,4.212
TRABD2A,4.209
OR10A6,4.208
AEBP1,4.206
FAM107A,4.206
ID1,4.2
KIF6,4.199
C9orf24,4.198
CEBPB,4.196000000000001
ICOSLG,4.196000000000001
GLIPR1L1,4.195
MOG,4.1930000000000005
ZNF696,4.191
IGSF9B,4.191
PHLPP2,4.19
PPT2,4.189
HOXB13,4.189
GAL,4.188
SEMA4A,4.188
GZF1,4.186
TRMT10B,4.184
PLCH2,4.1819999999999995
PDE6B,4.178
COL6A2,4.176
ZNF782,4.176
MLLT11,4.172
IGFN1,4.172
CLEC11A,4.171
ST5,4.17
GAS2L1,4.168
SLC13A1,4.167
CDS2,4.165
SDR42E1,4.164
ATP8B4,4.162
PCNA,4.1610000000000005
PARN,4.158
MIPOL1,4.157
WNK4,4.156000000000001
VWA3B,4.154
SPOCK1,4.152
CCDC68,4.152
TK2,4.149
IGF1R,4.147
COL28A1,4.1419999999999995
RIN1,4.141
TANC2,4.141
CEP57,4.138999999999999
KCNA2,4.136
ENTR1,4.133
DOCK11,4.125
SCUBE2,4.124
UBE2Z,4.124
ARL4D,4.121
RSPO1,4.121
ACSM2A,4.119
ILDR2,4.1160000000000005
ITPKB,4.114
PTPRU,4.111000000000001
ZFP42,4.11
SEZ6L2,4.1080000000000005
TNS4,4.106
CBARP,4.106
TPCN2,4.105
MKX,4.104
CEP295,4.103
FGF5,4.103
LAMA4,4.098
SMOX,4.0969999999999995
CCDC36,4.096
FLOT2,4.093999999999999
RAB17,4.093999999999999
TMEM69,4.085
KLC2,4.079
SGIP1,4.066
PRPS1L1,4.066
COL4A5,4.059
FZD1,4.0569999999999995
ADAMTS13,4.0569999999999995
TTLL7,4.051
FGF1,4.05
FBXL6,4.0489999999999995
CSAG2,4.043
SCRIB,4.039
FN1,4.039
CTTNBP2NL,4.0360000000000005
TLL1,4.0360000000000005
ITGBL1,4.035
SPDYE1,4.033
PRKAR1A,4.031000000000001
DAAM2,4.0280000000000005
KCNN4,4.027
URM1,4.027
TOP1MT,4.025
SLC35B4,4.016
FOXP2,4.013
EDEM1,4.013
DYNLT3,4.011
IFNL2,4.01
GSS,4.01
TRIB1,4.0089999999999995
KHDC4,4.007
SORCS3,4.007
CPNE2,4.006
NUDCD1,4.006
PHF20L1,4.005
C1orf74,3.9989999999999997
C16orf74,3.998
SOX8,3.9960000000000004
LY6E,3.9939999999999998
TINAGL1,3.991
LMX1B,3.99
ASAP1,3.989
SPRED1,3.988
RIPOR3,3.983
RHBDL2,3.9730000000000003
SEMA7A,3.97
THBS4,3.968
KLF9,3.965
EFR3A,3.964
FGD6,3.96
POSTN,3.9589999999999996
TSPAN18,3.9560000000000004
COG2,3.95
CCDC82,3.949
HIST2H3C,3.946
PRR27,3.945
GGT7,3.944
CFL2,3.943
RFK,3.9419999999999997
HSF1,3.94
ARMH4,3.938
KIF24,3.937
NIN,3.937
PAEP,3.9360000000000004
TMEM249,3.9360000000000004
PLEKHA5,3.9339999999999997
ODF2,3.932
DDX5,3.929
TEX15,3.929
IL20RA,3.927
ARHGEF2,3.926
SLIT1,3.923
FIBIN,3.9210000000000003
SASH1,3.9189999999999996
RASGRF1,3.917
CCDC144A,3.915
TRPM3,3.9139999999999997
KIF13A,3.9139999999999997
SLC6A17,3.9139999999999997
MPRIP,3.9139999999999997
RAB40AL,3.9130000000000003
SETD1B,3.908
OR2T5,3.908
GLT8D2,3.907
KCNJ15,3.906
DOK1,3.906
KCNAB1,3.906
FZD8,3.9019999999999997
DACT1,3.9
ACY3,3.898
PCSK5,3.897
RPS3,3.895
ANKRD44,3.892
ASPHD1,3.892
DLX1,3.892
RBMXL3,3.888
PCLAF,3.886
HEY2,3.884
ANGPTL2,3.8819999999999997
PF4,3.8710000000000004
NOX4,3.87
PTX4,3.8689999999999998
PGK2,3.867
TSPAN9,3.866
NPIPB13,3.863
ALDH3B1,3.861
ABCA9,3.8560000000000003
TMEM204,3.8539999999999996
FRMD6,3.853
ACER3,3.8510000000000004
MMP13,3.8480000000000003
DKK2,3.847
DGKG,3.842
IFNW1,3.84
SLC5A3,3.838
PCDHGA1,3.835
IMPAD1,3.833
ZNF266,3.833
PMCH,3.832
TOR1B,3.8310000000000004
CYP27C1,3.8289999999999997
RAB2A,3.8280000000000003
GRB14,3.827
FGF13,3.827
PPP4R3A,3.827
PLXNB1,3.824
CSMD2,3.822
TCTA,3.822
SEPSECS,3.822
SERPINF1,3.821
AKAP6,3.82
C5orf22,3.8160000000000003
RP1,3.815
BASP1,3.813
DST,3.813
KCNQ2,3.812
HSD17B2,3.8080000000000003
ELAVL2,3.807
DSCC1,3.806
NAB1,3.805
PRSS23,3.7960000000000003
TRAM1,3.7939999999999996
KATNAL1,3.793
LIPT2,3.79
SYTL2,3.7889999999999997
CYTH3,3.7889999999999997
SARDH,3.7880000000000003
SNAPC4,3.787
SLCO1B1,3.787
TENM4,3.787
SLITRK4,3.787
HGF,3.786
MLNR,3.786
DDX11,3.785
RFX5,3.784
ZNHIT2,3.784
RNF169,3.782
ATP13A3,3.782
SLC25A2,3.782
HOXA4,3.7760000000000002
EMX2,3.775
ANKRD42,3.7680000000000002
SPINK4,3.7680000000000002
EFCAB8,3.76
MED14,3.758
ABHD17B,3.7569999999999997
H1FNT,3.755
NLRP9,3.753
MTDH,3.75
TRANK1,3.748
OAZ2,3.747
ASTN2,3.7460000000000004
FUT4,3.742
MTMR1,3.741
MRPL50,3.739
HIST1H4F,3.738
PNPLA7,3.737
TRIB2,3.733
CTCFL,3.7319999999999998
NFASC,3.7310000000000003
DUSP5,3.7310000000000003
HIST3H2A,3.73
SERPINB11,3.73
CDC42BPB,3.7289999999999996
TUFT1,3.7260000000000004
DEDD,3.7260000000000004
VAMP4,3.725
HIST2H2BE,3.725
CA8,3.7239999999999998
TOR1A,3.7230000000000003
PTGER3,3.721
DUSP10,3.72
UNC93B1,3.72
INTS12,3.72
MCM4,3.719
ZFAND1,3.718
C9orf85,3.718
SLC38A4,3.716
SAMD5,3.714
IRF7,3.713
PLAT,3.708
FAM83H,3.708
GDPD5,3.705
TRIP13,3.705
SMCO4,3.7039999999999997
FLCN,3.7030000000000003
LYSMD1,3.7
HMGCR,3.7
GRINA,3.697
SLC4A7,3.696
NVL,3.695
KCNMB4,3.693
OCM2,3.6919999999999997
ALAD,3.6910000000000003
DENND1A,3.69
TRIM46,3.6860000000000004
UGT1A4,3.6839999999999997
COMMD5,3.6839999999999997
SEC16A,3.6830000000000003
INSL6,3.68
CATSPERB,3.679
RNF24,3.676
CREB3L1,3.676
ZNF365,3.676
DCAF13,3.67
UBP1,3.6689999999999996
POU2F1,3.668
ANXA5,3.667
SPRED2,3.6639999999999997
SHISA6,3.6639999999999997
GINS1,3.6639999999999997
C14orf178,3.662
OLFML2B,3.661
ULK3,3.66
RALGAPB,3.658
PPP1R12B,3.656
COL11A1,3.655
ABHD17C,3.6510000000000002
ANTXR1,3.648
ITGA11,3.647
CRTC3,3.6460000000000004
PRSS3,3.6460000000000004
LAMA5,3.6439999999999997
FCHSD2,3.642
UBR5,3.641
HIST3H2BB,3.638
TRDMT1,3.638
CDC42EP5,3.638
C6orf15,3.636
C2CD3,3.633
ACO1,3.6310000000000002
TRPC3,3.63
BCAR1,3.63
IQCF1,3.6289999999999996
AFM,3.625
DAGLA,3.6239999999999997
ACKR4,3.6210000000000004
CDH1,3.62
GAPVD1,3.6189999999999998
MXRA5,3.616
DDX31,3.613
GDAP2,3.612
TASP1,3.608
CENPJ,3.6039999999999996
SHISA2,3.6039999999999996
SDC4,3.6010000000000004
ZFP41,3.5980000000000003
TRPM8,3.597
GLG1,3.594
PVR,3.591
PTK7,3.591
RASD1,3.589
RASA1,3.5869999999999997
OR52B6,3.5869999999999997
PID1,3.5839999999999996
HSD17B1,3.583
SLC30A8,3.582
FAM83A,3.5810000000000004
RGP1,3.5810000000000004
FCRLB,3.5780000000000003
TPBG,3.576
RHOT2,3.575
MT1X,3.574
TRMT6,3.573
MAPRE2,3.572
CEP78,3.571
CAMK2N1,3.57
MRPL13,3.57
DZIP1L,3.568
SF3B4,3.5660000000000003
CSGALNACT1,3.563
ZBTB40,3.562
GRAMD4,3.562
MAGEC1,3.5610000000000004
CACNB2,3.56
NT5E,3.557
FAM129A,3.557
FABP5,3.555
DACT3,3.555
MKKS,3.553
P2RY6,3.553
SP140L,3.552
DOCK6,3.551
ASH2L,3.551
LRRC69,3.55
SOHLH2,3.549
MUC13,3.548
TARS2,3.5410000000000004
CASP8,3.54
ABCA6,3.5380000000000003
MFSD14C,3.5380000000000003
SEMA3A,3.536
RNF222,3.535
CDH6,3.535
NCOA5,3.534
MTMR2,3.533
CLIC4,3.533
LEPR,3.529
MAP3K11,3.528
SSX3,3.5260000000000002
SEC23B,3.522
INHBA,3.5210000000000004
RIN2,3.517
MYC,3.513
ZBED4,3.51
PACS1,3.508
MCM3,3.5069999999999997
ST3GAL2,3.5069999999999997
MPZL1,3.505
CHRAC1,3.503
CCNA1,3.502
COL8A1,3.498
MTHFD1,3.498
ME1,3.4939999999999998
ATP8A1,3.489
SNX22,3.488
C8orf44,3.487
UNC13D,3.487
N4BP2L1,3.486
S100A11,3.486
SREBF2,3.486
COL5A1,3.486
COL1A1,3.485
PHLPP2,3.484
BAG5,3.483
LYST,3.48
UBR7,3.4789999999999996
NECTIN3,3.477
LYPD5,3.477
TDRKH,3.4739999999999998
TSACC,3.4730000000000003
PDE10A,3.466
NTMT1,3.464
NLGN2,3.463
FILIP1L,3.4619999999999997
CAV2,3.4610000000000003
EIF3H,3.4610000000000003
FRY,3.4610000000000003
SRBD1,3.4610000000000003
PCDHGB5,3.4589999999999996
NID2,3.4589999999999996
CD58,3.458
TAF5L,3.457
STK3,3.455
AUTS2,3.4539999999999997
PAM,3.4539999999999997
CLMN,3.4539999999999997
KIAA1755,3.451
UFM1,3.45
OMD,3.45
IL17F,3.45
PDC,3.449
CCDC151,3.449
MROH6,3.447
MAGEL2,3.443
ABCA13,3.4389999999999996
SGCB,3.435
PDZRN4,3.435
TMEM177,3.435
CAPSL,3.4339999999999997
PRDM8,3.4330000000000003
HIST2H2AA3,3.432
MYO1B,3.43
MAPK1IP1L,3.429
CPNE3,3.426
KRBA2,3.426
PPP1R3G,3.426
ANKS6,3.425
PLPP4,3.425
TPD52,3.424
FAM43B,3.4219999999999997
DOLPP1,3.4219999999999997
FBN1,3.4210000000000003
ANGPTL2,3.4210000000000003
ETV6,3.4210000000000003
FHOD1,3.42
QSOX2,3.418
SCAMP5,3.418
YES1,3.417
OR1J1,3.415
SLC16A5,3.415
MEFV,3.4139999999999997
PUS7,3.412
KCTD21,3.41
MAPK1IP1L,3.41
C21orf58,3.407
ZCCHC13,3.404
PCDH1,3.403
ACTRT2,3.4019999999999997
DMWD,3.4
SAMD14,3.3989999999999996
PRCC,3.3989999999999996
GANC,3.398
TNNI3K,3.3960000000000004
PPP1R3E,3.3960000000000004
CHML,3.3939999999999997
ZIC4,3.3930000000000002
BCAR3,3.392
ALDH1L2,3.39
ALPP,3.39
IFITM1,3.389
GGN,3.386
TBX18,3.384
PLEKHF2,3.383
GLI4,3.3819999999999997
SMG7,3.3819999999999997
EDA2R,3.3810000000000002
RAB23,3.3810000000000002
TG,3.378
ACTR5,3.377
WNT2,3.375
SEMA4F,3.375
TOX2,3.375
RNF144A,3.3739999999999997
ZBTB5,3.373
SLC20A1,3.372
KCNB1,3.372
NFATC2IP,3.37
PPBP,3.366
STARD8,3.364
P2RY12,3.364
TOP3A,3.363
ANKRD13C,3.361
PHLPP1,3.36
LRRC37A2,3.3569999999999998
SLC17A3,3.3560000000000003
ST6GALNAC5,3.3560000000000003
SMYD2,3.353
CHMP5,3.352
LSR,3.352
AREG,3.352
SC5D,3.35
CALHM5,3.35
PUF60,3.3489999999999998
RNF114,3.3489999999999998
NEURL4,3.3480000000000003
IL23R,3.3480000000000003
FMNL2,3.346
GPR20,3.345
LRRIQ3,3.344
C9orf50,3.342
TNFRSF10B,3.342
MIS12,3.341
ACSM2B,3.338
PARVA,3.3360000000000003
MARVELD2,3.333
MRPS6,3.333
ZNF572,3.3280000000000003
DCAF12,3.3280000000000003
ATP6V0A1,3.326
PRR34,3.325
CCDC9B,3.324
XRCC3,3.324
ZFP41,3.323
COL3A1,3.323
STYX,3.322
SPTAN1,3.321
ANKRD49,3.321
AQR,3.32
HAAO,3.32
ZNF337,3.319
COL1A2,3.3169999999999997
IKZF2,3.3169999999999997
ZNF7,3.3160000000000003
ZSCAN32,3.313
NRIP1,3.313
CELF6,3.3089999999999997
SEL1L2,3.3080000000000003
DYNC1I2,3.304
PCDHGA3,3.304
MINDY1,3.303
PSMB5,3.301
ODF1,3.299
DHRS9,3.2939999999999996
CHRD,3.2910000000000004
PRKCA,3.2889999999999997
PAK1,3.287
SIM1,3.282
TAF1,3.279
ZNF93,3.278
RAB40A,3.278
TOX4,3.273
POLA1,3.273
OSBPL9,3.273
CNN3,3.273
LIPI,3.2689999999999997
SGCE,3.267
PLXNA1,3.267
CLIP2,3.267
MT1B,3.265
PTH2R,3.265
RNFT2,3.265
WFDC11,3.264
OR1K1,3.263
OR1J1,3.262
ADAMTS20,3.26
FGD5,3.259
COL5A2,3.259
OGN,3.258
RNF113B,3.2569999999999997
NHSL2,3.2569999999999997
MED12L,3.255
UCK2,3.255
HOXC12,3.2539999999999996
FRAT2,3.252
DCN,3.252
NT5M,3.25
GPC6,3.248
RPL8,3.2460000000000004
SERTAD4,3.2460000000000004
SLC39A1,3.2439999999999998
GLYATL3,3.242
BTC,3.242
DGKB,3.241
OLFML1,3.241
TMEM145,3.239
DENND6B,3.238
ALDH3A1,3.238
EMP2,3.237
COPS5,3.235
FAM153B,3.234
ANKDD1A,3.234
RAB14,3.234
FGFR1,3.233
NAGS,3.2310000000000003
CDC42SE1,3.23
PLXNA2,3.228
ROBO1,3.2239999999999998
SUSD2,3.221
TIGD7,3.22
TIMP2,3.22
NSUN2,3.219
NXPH2,3.218
DCAF4L1,3.217
RABEPK,3.215
TTC13,3.214
DUS4L,3.2119999999999997
GULP1,3.21
JPH3,3.2089999999999996
AP3B2,3.2089999999999996
GHR,3.208
MAP4K2,3.207
CLSTN2,3.207
CTDSPL,3.207
ADAM12,3.2060000000000004
POLE2,3.205
UTP23,3.2039999999999997
ANXA3,3.2039999999999997
COPB1,3.2030000000000003
KREMEN1,3.202
SECISBP2,3.202
ARHGAP29,3.201
HRCT1,3.2
CUTA,3.199
SSH3,3.195
SUPT16H,3.194
TOR1A,3.193
POFUT1,3.1919999999999997
PSMB9,3.1919999999999997
PANX1,3.1919999999999997
KDM4D,3.19
M1AP,3.188
ATP10D,3.187
B3GNT9,3.1860000000000004
SLC5A3,3.185
ALKBH1,3.1839999999999997
FAM169B,3.1839999999999997
SEC23A,3.1830000000000003
RGS19,3.181
C2orf78,3.181
MOCS1,3.178
VPS35L,3.177
HBZ,3.175
LOXL2,3.175
MAP2K7,3.174
ZNF528,3.173
TSTA3,3.1710000000000003
ASPN,3.1710000000000003
PODN,3.17
TRIM69,3.168
RAB31,3.167
CDHR1,3.1660000000000004
TENT5C,3.1639999999999997
PPP1R3B,3.1639999999999997
TMEM117,3.1630000000000003
KCNA5,3.159
NIT1,3.157
TUBGCP5,3.155
TGFB2,3.1510000000000002
EEF1AKNMT,3.15
TEAD2,3.1489999999999996
PLEKHN1,3.1489999999999996
RIDA,3.148
STARD10,3.1460000000000004
C9orf40,3.145
FZD10,3.1439999999999997
CDC42EP3,3.1439999999999997
LUZP1,3.138
IL32,3.136
BMP8A,3.134
TULP1,3.134
PRH1,3.133
PLAU,3.1260000000000003
BAZ1A,3.1260000000000003
PLXNB2,3.1260000000000003
GPR153,3.125
IMMP2L,3.1239999999999997
EMP1,3.1239999999999997
BPNT1,3.122
PCDHGB7,3.1210000000000004
REXO4,3.12
COLEC11,3.1180000000000003
CFAP61,3.1180000000000003
DUSP12,3.1180000000000003
PCNX2,3.117
MSR1,3.115
PARP3,3.113
YDJC,3.111
FAM178B,3.108
C3orf62,3.1069999999999998
ZDHHC5,3.105
STARD7,3.105
COBLL1,3.1039999999999996
GLIPR1,3.102
YWHAZ,3.0989999999999998
PPOX,3.096
FNTA,3.096
SULT4A1,3.096
PUM3,3.094
VPS39,3.093
LAMB1,3.093
UBASH3B,3.093
USP50,3.091
RAB3B,3.089
GASK1A,3.088
TRAPPC3L,3.0869999999999997
SENP3,3.085
CALM1,3.0839999999999996
XG,3.0839999999999996
PCSK1,3.0839999999999996
PDZD2,3.0839999999999996
SIPA1,3.082
CREBZF,3.0810000000000004
SLCO5A1,3.0810000000000004
FMNL3,3.0810000000000004
PRPF3,3.0810000000000004
GSTP1,3.08
USP34,3.0789999999999997
CTTN,3.0789999999999997
GLYR1,3.0780000000000003
PLCD4,3.077
TMCO6,3.076
IFI44L,3.076
AGMAT,3.074
RBM12B,3.073
FBXO27,3.071
BRIX1,3.07
FLII,3.068
ANP32E,3.0669999999999997
GPR107,3.0660000000000003
PCDHGA12,3.065
POLR3C,3.0639999999999996
CHD7,3.0610000000000004
SURF2,3.06
GOLGA8B,3.0589999999999997
GLS,3.0589999999999997
GGPS1,3.056
SLC20A1,3.056
APOOL,3.055
SS18L1,3.055
WDR1,3.054
DNAJC5,3.054
FAM120A,3.053
ANTXR1,3.052
VGLL3,3.052
NELFB,3.051
TESMIN,3.051
RAC3,3.051
MSH5,3.05
OR2W3,3.048
OGT,3.0460000000000003
NBDY,3.0460000000000003
LRP11,3.0439999999999996
ZFP3,3.0439999999999996
MICAL2,3.0439999999999996
PFDN2,3.042
RPS6KA3,3.042
DGKD,3.042
AGTR1,3.0410000000000004
DMP1,3.04
SNAP23,3.04
ZDHHC18,3.0389999999999997
TMEM267,3.0389999999999997
SLC20A2,3.0380000000000003
EPB41L2,3.037
RAG1,3.037
BCL2A1,3.037
BMX,3.035
UNC5B,3.035
GPR157,3.035
CNTN5,3.034
MED22,3.033
HNF4G,3.032
LRRC41,3.032
NAT8,3.032
DOC2A,3.031
IFNL1,3.031
DCAF4L1,3.029
TTC39B,3.0269999999999997
NKTR,3.0260000000000002
MMP2,3.0260000000000002
BANF1,3.025
TRPV3,3.025
STAT4,3.0239999999999996
CACNG8,3.0239999999999996
CEACAM19,3.023
ALCAM,3.022
PDGFRL,3.0189999999999997
MPP4,3.0189999999999997
TMEM126A,3.0189999999999997
VPS45,3.0180000000000002
GPATCH1,3.017
OR2C1,3.015
TMEM141,3.015
ERP44,3.015
DNAJC22,3.014
RGS22,3.011
CSF3,3.011
SFMBT1,3.009
IFNE,3.008
RFX5,3.0069999999999997
NLRP4,3.0069999999999997
A4GNT,3.0060000000000002
RTN4R,3.0039999999999996
RHOU,3.0039999999999996
PCDHGA2,3.002
ARF1,3.0010000000000003
SFTPD,3.0010000000000003
SSPO,3.0
ADGRE1,3.0
TMEM65,2.998
EIF3E,2.998
CUBN,2.995
ZNF696,2.995
WDR76,2.9930000000000003
MTBP,2.991
FAM118B,2.989
ANKRD6,2.988
PALM2,2.987
C4orf36,2.984
UBXN10,2.983
OR2F1,2.98
YIPF6,2.9789999999999996
KIAA0513,2.975
ANAPC2,2.9739999999999998
GGA2,2.9739999999999998
FBXL8,2.9730000000000003
XYLT1,2.972
CELA2A,2.971
ZZEF1,2.968
DEK,2.968
MRE11,2.967
CCN4,2.967
DICER1,2.966
PARP10,2.966
PRR25,2.965
TRMT12,2.965
TPMT,2.965
MCM8,2.964
BMPR2,2.963
KRTAP5-6,2.9610000000000003
FASN,2.9610000000000003
AQP6,2.9610000000000003
CDC42EP2,2.9589999999999996
LRRC14,2.955
CD3EAP,2.955
PLTP,2.955
HSPA4L,2.9530000000000003
TUBGCP3,2.952
RASSF10,2.952
TMEM179,2.952
VAPB,2.952
MEGF6,2.952
SOCS2,2.951
RASGEF1A,2.949
COL6A3,2.948
ZNF732,2.946
LY6D,2.945
SMG1,2.944
UBE2QL1,2.944
IGHMBP2,2.944
ARNT2,2.943
SLC25A35,2.943
OR10A3,2.9419999999999997
ETS2,2.9419999999999997
MRC2,2.94
CLINT1,2.9389999999999996
DIS3L,2.9389999999999996
PEX13,2.938
EMP1,2.938
SLC7A3,2.937
TWIST2,2.937
MMP11,2.9360000000000004
TREX2,2.935
MSL3,2.9339999999999997
PCGF3,2.931
MAP3K1,2.929
WASHC5,2.929
SEC14L4,2.927
DMAC1,2.926
TMEM204,2.926
CNTD1,2.926
PIK3CG,2.924
PLAT,2.924
KLF8,2.923
TRPC4AP,2.923
RP1L1,2.923
TRUB2,2.923
GAS1,2.92
PKHD1,2.92
P4HA3,2.918
TAF9B,2.9160000000000004
NUP62CL,2.915
RPL10L,2.9139999999999997
ZNF410,2.9139999999999997
ENY2,2.9130000000000003
DGKG,2.912
CDYL2,2.911
ZNF618,2.911
B3GNTL1,2.909
IRGC,2.909
TSHZ2,2.909
AMPH,2.909
ARHGAP39,2.908
WDR91,2.907
RAB1B,2.907
C1QTNF6,2.906
JPT2,2.905
ZFP36,2.9019999999999997
GPRC6A,2.9019999999999997
TRMT61A,2.9010000000000002
CEP170B,2.8989999999999996
OLFML2B,2.898
AMOTL1,2.897
ZNF560,2.8960000000000004
CPZ,2.8939999999999997
OR2T27,2.8939999999999997
CCDC3,2.8939999999999997
KCNAB2,2.8939999999999997
TLE6,2.8930000000000002
JMJD7-PLA2G4B,2.892
GPRC5A,2.891
AFAP1,2.89
IL3RA,2.889
EFEMP1,2.889
TCIRG1,2.888
ST3GAL1,2.888
CHSY3,2.886
SAMHD1,2.886
S100A5,2.886
TBC1D23,2.885
MFSD14B,2.885
TAPT1,2.883
SNRNP200,2.883
CSTF2,2.8819999999999997
FAM153A,2.88
POLM,2.88
CMTM6,2.8789999999999996
NKX3-2,2.8789999999999996
ZNF530,2.878
DAND5,2.878
MAP3K7CL,2.877
VSIG1,2.877
SLC19A1,2.877
EFEMP1,2.8760000000000003
FCGR1B,2.8760000000000003
UGT2B7,2.875
MTHFD2L,2.8739999999999997
RIN3,2.8739999999999997
ZC3H12D,2.8739999999999997
PTTG1IP,2.873
XIRP1,2.872
SYNGAP1,2.872
WDHD1,2.872
COL6A1,2.8710000000000004
C19orf18,2.87
XAGE2,2.8680000000000003
PRR30,2.8680000000000003
MOCS3,2.8680000000000003
SP2,2.867
COL21A1,2.866
LRIT2,2.866
PROM1,2.866
TNFRSF11A,2.864
DNLZ,2.864
EIF2AK2,2.863
ZAN,2.862
PFDN6,2.862
MYRF,2.859
PRKD1,2.859
FKBP15,2.859
IRF9,2.855
THRB,2.8539999999999996
SH3KBP1,2.853
PARP2,2.85
NDRG3,2.85
CHRAC1,2.8480000000000003
FBXW2,2.8480000000000003
DLC1,2.847
PCDHGA9,2.846
MEI1,2.846
SUSD1,2.846
MGME1,2.844
ACSM4,2.844
EME2,2.843
GINS3,2.843
PUF60,2.842
SSBP3,2.841
GPC3,2.841
EGLN3,2.841
ZBED1,2.84
SEC22B,2.84
IL7,2.838
PPARG,2.8369999999999997
ACE2,2.8369999999999997
ADAM28,2.8360000000000003
KIFAP3,2.8360000000000003
CYSLTR1,2.8360000000000003
STXBP1,2.8360000000000003
ZNF182,2.8360000000000003
ZNF7,2.835
MIB2,2.8339999999999996
ELOVL5,2.8339999999999996
HDX,2.832
OSTN,2.832
CIPC,2.8310000000000004
MED22,2.8310000000000004
MTMR2,2.8310000000000004
TAS2R40,2.83
TMEM39B,2.83
ITPK1,2.8289999999999997
CALU,2.8280000000000003
WAC,2.8280000000000003
HECW2,2.826
RRBP1,2.826
CSNK1E,2.825
CBLN2,2.824
RGSL1,2.823
BMF,2.823
CYHR1,2.823
ADAM15,2.822
PIGS,2.822
PRPF3,2.821
CTHRC1,2.821
CIB4,2.82
PDXDC1,2.82
CD58,2.819
PMM2,2.819
PYGO2,2.819
FBXO4,2.819
SNX9,2.818
LRRC8C,2.818
NAPB,2.8169999999999997
FKBP9,2.8169999999999997
CCDC198,2.8160000000000003
CDCA7L,2.815
CCDC3,2.815
TGFB2,2.815
RBM34,2.812
OCM2,2.8110000000000004
PDIA4,2.81
ELANE,2.8089999999999997
DLL1,2.807
VAMP4,2.807
GALNT5,2.806
NKX2-1,2.804
KHNYN,2.804
VCPIP1,2.803
IL4R,2.802
IQSEC2,2.798
COPA,2.798
FBLN2,2.7969999999999997
SLC25A22,2.795
SECTM1,2.795
ADAMTS1,2.793
UCHL5,2.793
INF2,2.793
ZNF491,2.792
SPOUT1,2.792
MSH5,2.79
CCNE2,2.79
AAR2,2.7889999999999997
PCNX2,2.787
DPM2,2.785
CAMSAP1,2.784
KLK4,2.781
LMBR1,2.781
EVA1A,2.78
CCDC154,2.78
CXXC5,2.7769999999999997
UBXN2A,2.7769999999999997
LIMS1,2.7760000000000002
KDM5A,2.7760000000000002
GALK2,2.7760000000000002
FAM107B,2.7739999999999996
VCX3B,2.773
RSPH10B2,2.772
NID1,2.7710000000000004
DLST,2.77
DLX2,2.77
CYC1,2.77
CX3CL1,2.7689999999999997
DDIAS,2.7689999999999997
PCDH9,2.7680000000000002
BFSP1,2.7680000000000002
MINDY4,2.7680000000000002
PLCG2,2.767
RPE65,2.767
RANBP6,2.767
TIMP1,2.766
EBAG9,2.765
FSCN1,2.765
POP1,2.764
TAS2R14,2.763
STARD13,2.763
POMC,2.762
TAS2R10,2.761
TMEM136,2.761
MMP11,2.76
AC104662.2,2.759
PI4K2B,2.759
GPR176,2.758
TBC1D31,2.758
ODAPH,2.758
CCDC15,2.7569999999999997
KCND1,2.7560000000000002
NEK9,2.7560000000000002
PRDM8,2.7560000000000002
UBN1,2.7560000000000002
FBXL5,2.7560000000000002
SRRM2,2.7560000000000002
GABRB2,2.7560000000000002
TAAR8,2.755
IRF6,2.7539999999999996
GRIP2,2.7539999999999996
ADARB1,2.752
MTERF3,2.7510000000000003
MSRB3,2.75
KIFC3,2.75
DAXX,2.75
AANAT,2.7489999999999997
FNDC11,2.748
EML3,2.748
GNB5,2.7439999999999998
TIGD5,2.7439999999999998
SLC11A1,2.742
C9orf16,2.739
HLA-DQA1,2.738
TTC14,2.737
RBM18,2.737
USP37,2.736
OR1J2,2.735
GRPR,2.735
COL8A2,2.734
CD300LD,2.733
PDE4D,2.733
RAB31,2.7310000000000003
TMX1,2.73
GBA3,2.73
KLF12,2.7289999999999996
DPH7,2.7289999999999996
VIRMA,2.728
LTO1,2.727
IPO9,2.727
SCN4B,2.7260000000000004
ADAMTS2,2.7260000000000004
PIMREG,2.7260000000000004
TRNT1,2.725
ABHD4,2.725
TUB,2.7239999999999998
FHOD3,2.7239999999999998
ATAD2,2.7239999999999998
DDX60,2.7239999999999998
TSPAN4,2.7239999999999998
CERK,2.7239999999999998
PRDM15,2.7230000000000003
TAF1A,2.7230000000000003
SHOX2,2.722
PROCR,2.72
MTX1,2.718
LRRC14,2.718
NAB2,2.717
TNRC6A,2.716
SNAP47,2.716
SACS,2.716
AAMDC,2.716
DGAT1,2.7119999999999997
SLC25A32,2.708
PARP6,2.707
MVK,2.7060000000000004
AHCTF1,2.7060000000000004
MSLN,2.7060000000000004
HSFX2,2.7060000000000004
SRRM1,2.705
AGO2,2.705
TCTA,2.705
ENOX2,2.7039999999999997
RNASE13,2.7030000000000003
SYNJ1,2.702
ZNF44,2.702
COL13A1,2.701
FARP1,2.7
LGI4,2.7
HORMAD1,2.7
ZNF587,2.699
WDYHV1,2.699
WDR90,2.699
SMIM21,2.698
OSBP,2.698
NCOA2,2.696
KLHL17,2.696
VASH1,2.695
RASSF3,2.694
UBQLN1,2.693
VMO1,2.6919999999999997
KDM1B,2.6919999999999997
CTDSPL2,2.6910000000000003
ALAS2,2.6910000000000003
CPM,2.69
NDUFA8,2.69
EIF3C,2.69
SULF1,2.6889999999999996
RASSF8,2.6889999999999996
SKAP2,2.6889999999999996
EMSY,2.688
KIAA0355,2.687
FAM49B,2.6860000000000004
NRBP2,2.6860000000000004
TOMM40,2.685
PARD6B,2.685
TGIF1,2.6839999999999997
LRP1,2.6839999999999997
BRWD1,2.682
ZC3H11A,2.682
AIDA,2.681
CELF3,2.681
PABPC1L,2.68
ESM1,2.679
GABRB3,2.679
COL4A2,2.679
COA6,2.678
CYP4V2,2.678
YY1AP1,2.678
PHLDB1,2.678
FSTL1,2.677
STX16,2.677
TMEM184B,2.676
HSD17B6,2.676
ASPH,2.675
C4orf33,2.674
SLC45A3,2.673
FKBP15,2.673
GDNF,2.6719999999999997
GBP4,2.6719999999999997
TAS2R38,2.6710000000000003
ABCB10,2.67
POLR2K,2.67
EXOSC4,2.668
EPS8,2.668
LIG1,2.668
NINL,2.668
ZNF311,2.667
ALPK3,2.6660000000000004
RSF1,2.665
TIMP4,2.665
ADAMTSL4,2.6639999999999997
DVL1,2.662
PITX2,2.661
CCL20,2.661
LRRC8E,2.661
BCL3,2.66
FSCN3,2.659
BTG2,2.658
IRX3,2.658
ENTPD5,2.658
RABEP1,2.657
TMEM164,2.656
FAM178B,2.656
BLID,2.656
B3GLCT,2.656
SSC5D,2.655
EGFL7,2.654
TOM1L2,2.6519999999999997
NSMF,2.6519999999999997
FBXO39,2.6510000000000002
HRH1,2.6510000000000002
TBKBP1,2.648
ITSN2,2.648
HDGF,2.647
IFITM3,2.647
GNG2,2.647
PHC2,2.6460000000000004
FMR1,2.645
ZC3H3,2.6439999999999997
PKNOX1,2.6430000000000002
ZNF7,2.641
RPL35,2.64
BDNF,2.64
SNRPC,2.639
ESF1,2.638
GSDMD,2.638
ZNF343,2.638
OR1G1,2.638
HRCT1,2.638
TMEM255A,2.637
ZNF597,2.637
OXLD1,2.636
MTBP,2.634
DENND1A,2.633
ZNF232,2.6319999999999997
TBCC,2.6319999999999997
SNED1,2.6319999999999997
NODAL,2.6310000000000002
IQGAP3,2.6310000000000002
RHOJ,2.63
ATRN,2.6289999999999996
FSIP1,2.627
RMI1,2.627
TAPBP,2.6260000000000003
MAGI3,2.6260000000000003
ZRANB2,2.6260000000000003
SOS2,2.625
SALL4,2.625
ZC3H14,2.623
TESK2,2.623
ERRFI1,2.622
FAM122B,2.622
LAMB1,2.622
FANCI,2.622
DAP,2.6210000000000004
ACLY,2.6210000000000004
RALB,2.6210000000000004
BTN3A3,2.62
RCCD1,2.6189999999999998
DCAF13,2.6180000000000003
CCSAP,2.6180000000000003
PAK4,2.6180000000000003
FKBP11,2.617
MUS81,2.616
SMARCA4,2.616
HIST2H4A,2.615
SPOUT1,2.615
OR1L8,2.614
C9orf85,2.614
ABL1,2.614
ASMTL,2.614
MTERF3,2.612
GPKOW,2.611
DENND2C,2.611
CAMKK1,2.609
FLI1,2.609
CYREN,2.6069999999999998
GPR82,2.6069999999999998
AMMECR1L,2.6069999999999998
FPR3,2.6069999999999998
HBA2,2.6060000000000003
SEZ6L2,2.6060000000000003
DKK3,2.605
PRRX1,2.6039999999999996
TAS2R13,2.603
ADCK5,2.6010000000000004
C19orf66,2.6010000000000004
LRP5,2.6
PCDHGB6,2.5989999999999998
DAAM1,2.5989999999999998
C9orf64,2.5980000000000003
LBX2,2.5980000000000003
PCDH17,2.5980000000000003
SLC29A2,2.597
SLAIN2,2.597
TEAD3,2.597
TXNDC16,2.596
TBC1D12,2.595
MARK1,2.595
ZNF619,2.595
ITGB5,2.595
CADM4,2.595
SLC25A21,2.594
GPAA1,2.591
FADD,2.591
NCBP1,2.591
IFNW1,2.59
ARNTL,2.59
MAGEB1,2.589
FAM72D,2.589
XRN2,2.5869999999999997
ZNF18,2.5869999999999997
ARPC5,2.5860000000000003
SLC43A3,2.585
ADGRE5,2.585
ZNF611,2.585
TERF1,2.5839999999999996
RNPS1,2.5839999999999996
GDAP1,2.583
CACNA1C,2.582
MLX,2.582
FZD8,2.5810000000000004
HOXA7,2.5810000000000004
C17orf47,2.5810000000000004
NKX3-1,2.5810000000000004
DOCK10,2.5810000000000004
BCR,2.5810000000000004
RGL3,2.58
ZNFX1,2.5789999999999997
NCKAP5L,2.5789999999999997
FZD1,2.5780000000000003
PTGES2,2.5780000000000003
HMBOX1,2.577
PAPOLG,2.577
FAM19A5,2.576
ARHGEF17,2.576
GAS7,2.575
INAVA,2.575
BNIP2,2.575
ZNF766,2.574
SH3BP1,2.574
AGPAT1,2.573
INSC,2.572
FAP,2.572
PCDHGA4,2.571
FBXO43,2.57
TMEM68,2.569
ACCSL,2.568
REL,2.568
RPAP3,2.5669999999999997
LRRC10B,2.5669999999999997
TAP2,2.565
RANBP3L,2.565
NSD3,2.565
KLHDC7B,2.5639999999999996
C1QTNF6,2.5639999999999996
RGS7,2.5639999999999996
SEC23B,2.563
FAM227B,2.563
RIPK1,2.562
ZFYVE26,2.562
RHBDL3,2.562
RIMKLB,2.5610000000000004
MBOAT7,2.5610000000000004
HIST3H3,2.559
MAPK11,2.559
BMP1,2.5580000000000003
ZNF443,2.5580000000000003
TFAP2A,2.557
SLC12A4,2.555
ECM2,2.555
KRBOX4,2.553
TRPM3,2.552
MRRF,2.551
RCE1,2.551
AIRE,2.551
STARD4,2.55
MTF2,2.549
FAM111B,2.548
KDM7A,2.546
CLTC,2.546
FAM43A,2.545
GORAB,2.545
GAD1,2.545
HOXA2,2.544
GP9,2.544
NCAPH,2.543
RAB8B,2.543
EXOSC2,2.542
SMCHD1,2.542
RXRA,2.541
RRN3,2.54
PPP4R3C,2.54
ISG15,2.539
ZNF620,2.539
MAGEH1,2.539
MARVELD1,2.5380000000000003
SCAF1,2.537
PAX3,2.535
DAP3,2.535
SELENBP1,2.5340000000000003
RPN2,2.5340000000000003
ZC3HAV1,2.533
PNRC1,2.532
ARHGAP28,2.532
PLEKHG5,2.532
FAM234A,2.531
ADAR,2.531
NME4,2.531
RNPC3,2.531
ARMC1,2.53
PKMYT1,2.529
PCNX3,2.5269999999999997
VDAC3,2.526
TIGD2,2.526
INO80,2.526
FAM102B,2.525
CTNND1,2.525
ZNF274,2.525
ZNF600,2.524
UPK1A,2.524
PRAC1,2.524
MVB12B,2.523
SCRIB,2.522
AVIL,2.522
MTHFS,2.522
ZNF385B,2.521
RBBP6,2.521
MAPRE2,2.52
RMDN2,2.52
RDH8,2.52
MAB21L1,2.519
EGFLAM,2.5180000000000002
CACNA1A,2.5180000000000002
CLDN12,2.517
SHOX,2.517
MDM4,2.517
ZNF777,2.517
SMYD2,2.516
GJB3,2.516
CRLF2,2.515
HERC6,2.5140000000000002
MYT1L,2.5140000000000002
EEPD1,2.513
RAB3IL1,2.513
KHDC4,2.512
INVS,2.511
NAPRT,2.51
HACD2,2.51
MAPKAPK5,2.509
KCNK2,2.5069999999999997
TEX261,2.5069999999999997
TTC3,2.5069999999999997
HUWE1,2.504
NCKAP1L,2.503
FAR1,2.503
ASPHD1,2.501
TGS1,2.501
KCTD14,2.5
HIST3H3,2.499
ARHGAP1,2.499
TMEM47,2.499
NCR2,2.497
PCDHB4,2.497
DCAF12L1,2.494
EFCAB2,2.494
WDTC1,2.494
HEG1,2.4930000000000003
MAP3K3,2.4930000000000003
VTN,2.4930000000000003
GPR21,2.492
SDCCAG8,2.492
NXT2,2.492
DPT,2.492
P2RY2,2.492
LSM1,2.491
MED15,2.491
PGM2L1,2.491
IMPAD1,2.49
ZC3H7A,2.49
URM1,2.49
CTNNBIP1,2.489
BNC2,2.488
HAAO,2.487
SMAP2,2.4859999999999998
TMSB15A,2.4859999999999998
MUC1,2.4859999999999998
CACNA1H,2.485
C9,2.484
TMPRSS3,2.484
COPS5,2.4819999999999998
TMEM186,2.4819999999999998
MYCBPAP,2.481
ZNF511,2.48
LENG1,2.48
CREG1,2.479
ZNF501,2.478
S100A10,2.477
TOPBP1,2.477
HDGFL1,2.476
TMEM223,2.476
TAS2R20,2.475
USP6NL,2.475
SLC12A8,2.474
SORL1,2.4730000000000003
ASB1,2.4730000000000003
ZNF808,2.4730000000000003
DOCK9,2.4730000000000003
ZNF707,2.472
OR51E1,2.471
TENT5B,2.47
PHLDB2,2.47
RCOR3,2.47
CALD1,2.468
UBA1,2.468
DOT1L,2.467
MAP3K20,2.467
CENPI,2.4659999999999997
RPS6KA6,2.4659999999999997
GFPT2,2.464
TMEM229B,2.464
SRP68,2.463
UACA,2.4619999999999997
SURF6,2.461
AGFG1,2.46
ATP1A1,2.46
ZNF324,2.459
ADAM19,2.458
ZNF841,2.456
FOS,2.456
ARHGEF10L,2.455
UBE2H,2.455
LY6G5B,2.454
SPDYE6,2.4530000000000003
PRSS23,2.4530000000000003
GPR137B,2.452
SART3,2.452
TERF2,2.451
PF4,2.451
SPTBN1,2.451
NLRC5,2.451
LYSMD2,2.45
LPIN2,2.448
ADAM30,2.448
PLAU,2.447
PADI6,2.447
TP53I3,2.447
GAL3ST4,2.4459999999999997
ACP6,2.445
SERPINB3,2.444
PGM2,2.444
PCDH18,2.443
MPRIP,2.443
TWIST1,2.443
PAPSS1,2.443
ACBD3,2.443
CACNA2D3,2.443
MYO10,2.443
RBPJL,2.4419999999999997
ZDHHC12,2.4419999999999997
DUSP10,2.441
ACSL4,2.44
SCYL1,2.44
AXL,2.438
NFATC3,2.437
SRF,2.436
MCL1,2.436
RWDD2B,2.436
ZNF765,2.436
ZNF41,2.435
RFC1,2.435
FGL1,2.434
ATF7IP,2.434
ZNF630,2.4330000000000003
CLVS1,2.432
ZNF418,2.432
MAPKBP1,2.432
COLCA2,2.431
MANEAL,2.431
TTPA,2.4290000000000003
MED6,2.4290000000000003
CCDC102B,2.4290000000000003
BATF2,2.428
RNASEH2C,2.427
ARMCX3,2.427
MX2,2.427
ALG2,2.426
SPRED3,2.425
SCML4,2.424
TRIM9,2.423
PANK2,2.423
TPBG,2.423
NPLOC4,2.4219999999999997
MAMLD1,2.4219999999999997
PTK2B,2.421
MISP,2.421
UBL3,2.421
RFPL4A,2.419
KRTCAP2,2.419
SACM1L,2.416
ADAMTS3,2.414
CPSF1,2.4130000000000003
KDSR,2.412
PTK6,2.411
SLC2A10,2.411
PPP6C,2.41
KRTAP5-9,2.41
BIK,2.4090000000000003
AGPAT2,2.408
ISYNA1,2.408
ELOA,2.406
PCDHGB1,2.406
KCMF1,2.406
DHCR7,2.405
M1AP,2.405
HBB,2.404
SMIM30,2.403
COL18A1,2.403
GLE1,2.403
SH3BP4,2.4019999999999997
JMJD8,2.401
ANGPTL5,2.4
HTR2B,2.399
PTPDC1,2.399
ANKS6,2.397
METTL26,2.397
NANP,2.397
SLC39A5,2.396
PTPN3,2.396
C1R,2.395
SGMS2,2.395
DCAF7,2.395
GOLM1,2.394
SSX5,2.394
NR1D1,2.3930000000000002
ZNF469,2.3930000000000002
ZNF133,2.392
ULBP2,2.391
FHOD1,2.39
NSF,2.39
RNF207,2.3890000000000002
MIXL1,2.3890000000000002
EMP3,2.3890000000000002
STEAP2,2.388
ZBED2,2.387
RAB6A,2.386
ZNF682,2.385
KCNQ4,2.385
LMO7,2.385
RICTOR,2.383
ZNF275,2.3819999999999997
CCDC14,2.3819999999999997
GPR4,2.3819999999999997
ABI2,2.381
EML1,2.38
CREB3L4,2.379
ADGRA2,2.379
SBK2,2.378
MINDY4,2.378
RYR2,2.376
CFH,2.376
STMN2,2.376
SLC25A24,2.375
MCAM,2.375
PROX1,2.375
DZIP1L,2.375
VCAN,2.375
HRH2,2.374
GLI3,2.374
NUP58,2.373
MAP1S,2.372
MCC,2.37
DECR1,2.37
FBXO28,2.37
PLEKHG5,2.369
SLC22A11,2.369
CYP4V2,2.369
FUBP1,2.369
SNAI2,2.3680000000000003
SIPA1L1,2.3680000000000003
CNBD1,2.367
C1orf189,2.367
CEMIP,2.366
PACSIN2,2.366
C16orf58,2.366
PGGHG,2.365
SNRPA,2.364
MEP1A,2.364
CENPBD1,2.364
DTL,2.364
DNAJA1,2.363
CLDN2,2.363
SURF4,2.362
CACNA1C,2.3609999999999998
ZNF417,2.36
TUT7,2.359
P2RY14,2.359
FAIM,2.3569999999999998
MRPS14,2.3569999999999998
PTP4A1,2.356
GPR1,2.356
NPBWR1,2.355
SLIT3,2.354
RAD51AP1,2.354
ELP5,2.353
IPPK,2.353
PTRH1,2.352
ZNF860,2.352
NSD2,2.351
CCDC127,2.351
MYO7B,2.35
SLC35F4,2.349
EHD4,2.349
SGK1,2.349
APP,2.349
CRYM,2.3480000000000003
CAMK4,2.3480000000000003
ACKR2,2.3480000000000003
PLEKHA5,2.3480000000000003
FAM129B,2.3480000000000003
LIPF,2.347
RAPGEF4,2.346
RTP4,2.346
PREX2,2.345
ZIK1,2.345
MINDY3,2.344
RFFL,2.344
IDH2,2.343
CALHM2,2.343
EFNB1,2.343
SNAPC3,2.342
LRRN2,2.342
WNT8B,2.342
NRAS,2.342
ITCH,2.342
ELAVL2,2.3409999999999997
GNG8,2.34
NTM,2.339
NUDCD1,2.338
TCF19,2.3369999999999997
MAML2,2.3369999999999997
ZNF551,2.3369999999999997
CAT,2.3369999999999997
THSD1,2.336
SHC3,2.336
B4GALT3,2.336
FBXL6,2.336
ZNF436,2.336
PPP1R15A,2.335
TAX1BP1,2.334
ITGB4,2.334
KNTC1,2.334
MSMP,2.334
NBPF10,2.333
CD200R1,2.332
WDR88,2.332
ZDHHC8,2.331
THAP10,2.33
RDH11,2.329
TMC1,2.3280000000000003
ZNF707,2.3280000000000003
ADAT1,2.3280000000000003
PIK3C2B,2.3280000000000003
TOMM40L,2.3280000000000003
SNX27,2.3280000000000003
AMIGO2,2.3280000000000003
SYPL1,2.327
C1orf115,2.327
LRRC37A,2.327
FAR2,2.327
CREBZF,2.327
TNFAIP1,2.326
ACTN1,2.326
OR5C1,2.325
RGS14,2.324
MTERF4,2.323
SLC35C2,2.323
NUP155,2.323
PRKCQ,2.323
PPP1R12A,2.322
ZNF676,2.322
RAB6C,2.3209999999999997
TCEAL6,2.32
PWWP2B,2.319
FAM136A,2.318
DLG5,2.3169999999999997
ANKRD13D,2.316
IRX1,2.314
TUSC1,2.314
IAPP,2.314
IDH2,2.314
SCAMP3,2.313
SLC46A2,2.312
CNOT1,2.312
PLEKHG2,2.312
FAM122C,2.311
ZNF799,2.311
LETM2,2.31
CARD19,2.309
FOXRED1,2.309
NUP133,2.309
ACTC1,2.3080000000000003
IFT20,2.3080000000000003
KIAA2013,2.3080000000000003
SETX,2.307
BACE1,2.305
SEC23B,2.305
PDCD6,2.305
CCDC88C,2.303
CCDC51,2.303
ADRM1,2.303
QPCTL,2.303
MACC1,2.302
LUM,2.302
PTPN12,2.301
FKTN,2.301
ABCA6,2.3
HS6ST2,2.3
SLBP,2.3
TUT1,2.299
TAF2,2.299
C19orf47,2.299
PDZRN3,2.298
ILF2,2.296
LOX,2.296
DUSP12,2.295
FAM156A,2.295
ARAF,2.295
EEF2KMT,2.294
KLHL12,2.293
NDRG3,2.293
TCEAL1,2.292
NXT1,2.291
GINS4,2.29
PRKDC,2.29
SMARCD1,2.29
PCDHB10,2.29
DDX31,2.289
DXO,2.2880000000000003
PEX26,2.287
GRIA3,2.287
BICD2,2.286
AADAT,2.286
DIPK2A,2.285
BICD1,2.285
DEFB124,2.285
ERICH4,2.2840000000000003
KLHL42,2.2840000000000003
SLC24A2,2.2840000000000003
GPRC5C,2.283
MAP4K2,2.28
XAF1,2.28
OR1F1,2.279
WDR5,2.279
PPP1R13L,2.279
NOB1,2.278
STK38L,2.278
DCST2,2.2769999999999997
CYP7B1,2.276
RBM12,2.276
DNASE1,2.274
PIAS3,2.273
POLA2,2.271
GPR62,2.271
SPACA9,2.27
C6orf47,2.269
TGFA,2.269
ZNF229,2.269
MCTP2,2.2680000000000002
CCDC149,2.2680000000000002
WDR88,2.2680000000000002
COL4A1,2.267
ZNF34,2.267
OR2S2,2.266
GSTT2,2.266
DMC1,2.266
SNAI2,2.266
ACTN1,2.265
PNN,2.265
TBC1D3G,2.2640000000000002
CTDSP2,2.2640000000000002
NIN,2.2640000000000002
ZBTB34,2.262
ZFP41,2.261
DENND2A,2.26
CXCL1,2.26
C17orf64,2.26
PMEPA1,2.26
ZNF761,2.26
ANKRD36,2.26
NBPF9,2.2569999999999997
DCTN6,2.2569999999999997
OVCH2,2.256
CBFA2T2,2.256
PSEN2,2.255
ACSS1,2.254
SLC5A10,2.254
ACVR1C,2.254
CALML6,2.254
C9orf16,2.254
ODR4,2.253
ANP32B,2.253
TMEM65,2.253
SOX15,2.252
PIP5K1A,2.252
FANCE,2.252
STRIP1,2.252
COLEC12,2.251
BMP1,2.251
POU3F2,2.251
RC3H1,2.25
LTK,2.249
CNTNAP1,2.249
SLC4A2,2.248
TRIM45,2.248
SYT17,2.247
MSANTD3,2.247
UGDH,2.245
SLC25A32,2.245
GABRE,2.244
RAP1A,2.242
JAKMIP2,2.242
RIF1,2.242
RIPK2,2.242
FAM241A,2.242
UBE2K,2.24
LRRC59,2.239
TCTEX1D1,2.238
NCSTN,2.238
SERPINB8,2.237
HOXC10,2.2359999999999998
ZNF711,2.2359999999999998
LENEP,2.235
NCBP3,2.235
SRRM3,2.235
TOX,2.235
BTBD10,2.235
LGALS3BP,2.233
ENTPD3,2.2319999999999998
SLC1A7,2.23
HOXC8,2.23
ZNF785,2.23
TCF4,2.23
SMIM3,2.23
RUSC1,2.229
INO80E,2.229
TEX11,2.229
NFKBID,2.228
VEPH1,2.228
VPS13A,2.226
CNTLN,2.226
CYP51A1,2.225
CATSPERZ,2.225
DEGS1,2.225
F2R,2.225
RTEL1,2.222
UTP23,2.222
C1orf35,2.221
PTPN9,2.221
ZNF233,2.221
SEMA5B,2.221
PAIP1,2.22
GRIN2D,2.22
SSPN,2.22
WDR45B,2.22
THUMPD2,2.219
ARHGAP33,2.219
LRMP,2.218
BAK1,2.218
OR2B2,2.218
TPM3,2.218
SPSB4,2.217
EPB41L1,2.217
ZDHHC16,2.214
DHX15,2.214
VCX2,2.214
OTUD7B,2.2119999999999997
FAM81A,2.2119999999999997
COPS7A,2.2119999999999997
ZNF578,2.211
SSX7,2.21
CRLS1,2.21
MAX,2.21
POLR2A,2.21
ITCH,2.209
RANBP10,2.209
RSPO4,2.208
LHX4,2.208
PISD,2.207
TAF5L,2.207
MADD,2.207
ZNRF2,2.206
PPP6C,2.205
LRRIQ4,2.204
AGTR1,2.204
TP53INP1,2.2030000000000003
FAT1,2.202
VLDLR,2.202
RADX,2.201
PCOLCE,2.2
IRX6,2.2
ABCB4,2.199
CGN,2.199
CPN2,2.198
KLHL38,2.197
ARSI,2.1959999999999997
C11orf71,2.1959999999999997
TJP1,2.1959999999999997
RSU1,2.1959999999999997
ITCH,2.193
GPER1,2.193
PCDHGB6,2.193
PPP2R5E,2.1919999999999997
GLYCTK,2.1919999999999997
ANKRD13B,2.1919999999999997
TCEAL3,2.191
BTBD3,2.191
GABRG2,2.191
RPAIN,2.19
FBXO39,2.189
ORAI2,2.189
CAMK2N2,2.189
ZNF671,2.189
COL15A1,2.188
NSUN2,2.188
MAVS,2.187
CSPP1,2.186
SCX,2.185
ARHGAP17,2.185
GOSR2,2.185
BLOC1S2,2.184
YY1AP1,2.184
CEACAM21,2.184
RMDN1,2.1830000000000003
PBX1,2.1830000000000003
ZNF623,2.1830000000000003
BEX5,2.1830000000000003
MSN,2.182
FBXO32,2.182
S100A11,2.181
ZNF625,2.181
PDCL,2.181
CBWD2,2.181
FAAP24,2.18
SETX,2.18
TMEM159,2.18
PIP5K1A,2.18
PRPS2,2.18
C17orf50,2.178
LASP1,2.178
POLE3,2.178
APOL6,2.178
TNS3,2.178
LGR5,2.177
NELFCD,2.175
ADAM12,2.175
CFHR1,2.175
PRKD3,2.175
ABCA10,2.174
UGGT2,2.173
RIN2,2.173
CALCRL,2.173
CFAP52,2.1719999999999997
CAVIN3,2.1719999999999997
MED25,2.1719999999999997
DBT,2.171
VLDLR,2.171
TET2,2.17
FAM114A1,2.169
RBM28,2.168
CD160,2.168
CCN3,2.167
STARD13,2.167
BMP8A,2.166
DCLRE1B,2.166
SSBP4,2.166
UGT1A5,2.164
DOCK2,2.1630000000000003
SLC2A8,2.161
MCM4,2.16
RBM7,2.1590000000000003
IL1RL1,2.1590000000000003
SGK1,2.158
TMEM102,2.158
EHD1,2.157
GLI2,2.156
SMARCB1,2.156
RAB29,2.156
MAP3K14,2.156
VPS13C,2.155
AP1S3,2.154
S1PR3,2.154
MTHFD2L,2.154
KLF17,2.154
VEGFA,2.153
C11orf16,2.153
ADGRD2,2.153
VNN2,2.1519999999999997
MEIS3,2.1519999999999997
SNX14,2.151
HSD17B7,2.151
IQGAP3,2.15
ATL2,2.15
HTR3A,2.15
RCAN3,2.149
TIGD1,2.149
FAM84A,2.148
CBLN3,2.148
SSX1,2.145
G6PC3,2.145
POLG,2.144
HDAC10,2.144
TSNAX,2.144
RAB36,2.1430000000000002
ARMCX5,2.1430000000000002
FOXJ2,2.142
CHSY3,2.142
SCRN2,2.142
KCNV2,2.141
MEDAG,2.141
PIGF,2.141
KCTD10,2.141
HTR1B,2.141
SH2B3,2.14
ZFHX4,2.1390000000000002
DUOXA1,2.1390000000000002
TBC1D20,2.1390000000000002
ZNF618,2.138
EHD2,2.138
PITPNB,2.138
CCT5,2.137
CLDND2,2.135
ZNF347,2.135
BRD9,2.134
ERC1,2.134
ADM2,2.134
STX16,2.134
GDA,2.133
WDR64,2.1319999999999997
VKORC1L1,2.1319999999999997
TMCO1,2.1319999999999997
ZNF700,2.1319999999999997
UBR5,2.1319999999999997
DUSP1,2.1319999999999997
GOLGA6B,2.131
MED14,2.131
LRRIQ4,2.131
SETDB1,2.131
PHC2,2.13
ZNF335,2.129
FANCB,2.129
HOXB2,2.129
KLHL13,2.128
ZC4H2,2.128
SETD3,2.128
RBM15,2.127
ATG16L2,2.127
SDCBP,2.127
LRRC8A,2.127
GPR151,2.127
MRGBP,2.127
CLEC5A,2.126
SSUH2,2.126
HLA-A,2.124
THOC7,2.124
SNTB2,2.124
TMEM127,2.123
BOLA3,2.121
DUSP5,2.121
RDH13,2.121
TRERF1,2.12
DPH2,2.12
TMEM185A,2.119
ITGAV,2.119
INCA1,2.119
SEMA6D,2.1180000000000003
EDC3,2.1180000000000003
PDE6H,2.1180000000000003
ZNF276,2.117
ZNF789,2.117
SRRM5,2.117
NIP7,2.117
PPM1H,2.116
DSTN,2.116
ERLEC1,2.116
ZNF845,2.116
E2F5,2.114
EHMT2,2.114
HAS1,2.114
SCN2A,2.114
MRPS21,2.114
TCFL5,2.113
PIGA,2.113
PRKAR1B,2.113
SNX1,2.112
POLDIP3,2.112
IL31RA,2.112
MKNK1,2.1109999999999998
PAQR4,2.1109999999999998
ANKRD45,2.11
PEA15,2.109
PCSK2,2.108
TNFRSF10D,2.108
LRRC37A3,2.108
CHD9,2.108
ZSCAN20,2.108
INTS3,2.108
HSPA2,2.1069999999999998
SOX9,2.1069999999999998
AKAP10,2.1069999999999998
ZNF92,2.1069999999999998
MACO1,2.1069999999999998
CACNA1F,2.106
NOTCH3,2.106
SNX5,2.105
OLFML2B,2.105
AGRN,2.104
AIPL1,2.104
SEMA4G,2.103
OBP2A,2.102
TRAK2,2.102
HMGCS1,2.101
PPARD,2.101
ZNF565,2.0980000000000003
HSPG2,2.0980000000000003
CDC73,2.097
FAM153C,2.097
CYBA,2.096
VPS25,2.095
LENG8,2.095
NFAT5,2.095
NUDT19,2.094
C17orf78,2.094
GOLGA7,2.093
PRR7,2.093
GNAQ,2.092
PTPRU,2.092
MYO9A,2.0909999999999997
ZNF160,2.0909999999999997
CD46,2.0909999999999997
RAB38,2.0909999999999997
ANKLE2,2.0909999999999997
HRNR,2.09
ITPRIP,2.09
BEND6,2.09
NKX2-5,2.089
DUSP18,2.089
HIST1H3J,2.089
DOLK,2.088
GNPAT,2.0869999999999997
NUDT8,2.0869999999999997
MOCOS,2.0869999999999997
AP1G1,2.0869999999999997
ME3,2.0869999999999997
ZNF592,2.086
COL27A1,2.085
KLHL4,2.084
DAB2,2.084
PC,2.083
KIFC2,2.083
DNAH17,2.083
DYNC2LI1,2.082
ANGEL2,2.081
HIST1H1T,2.08
GSTT2,2.08
ZBTB1,2.079
PAM16,2.079
SLC27A3,2.0780000000000003
IRF8,2.0780000000000003
IDH3A,2.0780000000000003
DEPDC7,2.0780000000000003
AKT3,2.0780000000000003
PSMB8,2.077
SYT12,2.077
PYY,2.076
SIGLEC8,2.076
EHMT1,2.075
DCHS2,2.075
HOXA3,2.074
ZFP28,2.074
ARCN1,2.074
POGK,2.074
HAUS7,2.073
ARGLU1,2.072
SLC26A7,2.072
ZNF628,2.072
TAGLN2,2.072
LCAT,2.0709999999999997
CDH24,2.07
PROS1,2.069
NUP210,2.068
ZMYND19,2.068
RHNO1,2.068
AP4E1,2.068
ZNF844,2.0669999999999997
SYDE2,2.0669999999999997
ZNF57,2.066
BGN,2.065
DNMT3B,2.065
TRNT1,2.065
PTBP2,2.065
UACA,2.065
CCHCR1,2.065
UPF3B,2.064
MRE11,2.064
GOLGA3,2.064
TANC2,2.064
SUSD3,2.063
PCDH7,2.062
SH3D19,2.061
PPP1R15B,2.061
KIF13A,2.061
ADHFE1,2.06
FRMPD4,2.06
ADAT2,2.06
SRPX2,2.06
ADGRF5,2.06
PRKRA,2.059
DENND3,2.059
ZNF562,2.059
TAS2R43,2.0580000000000003
USP28,2.0580000000000003
SLC25A23,2.057
SLC6A7,2.057
POLA2,2.057
BVES,2.057
NFIL3,2.056
SRCAP,2.056
GBP2,2.056
DAB2IP,2.055
SNRPB2,2.055
CTTN,2.055
ATXN10,2.055
P2RY4,2.0540000000000003
PIK3AP1,2.0540000000000003
DNAH14,2.052
PSMB7,2.052
LMAN2L,2.052
SRPK1,2.052
SNAPIN,2.051
TM4SF5,2.051
MRPL36,2.05
ANO6,2.049
CEP70,2.049
MSH3,2.049
ADCY1,2.049
ZNF787,2.048
AP1G2,2.0469999999999997
TPBG,2.0469999999999997
NPAT,2.0469999999999997
PHF6,2.0469999999999997
CCDC8,2.046
YWHAB,2.046
EPAS1,2.045
TMC7,2.043
JRK,2.043
NPBWR2,2.042
LACTB2,2.042
DERL1,2.042
TLR10,2.042
TPM2,2.041
PPIC,2.041
FBXO24,2.04
EIF2AK2,2.04
B2M,2.04
MUC16,2.039
ZNF365,2.039
TRABD,2.039
EYA3,2.0380000000000003
CDC42BPA,2.0380000000000003
ZNF843,2.0380000000000003
USPL1,2.0380000000000003
TUBG2,2.037
DNAJA3,2.037
EXOSC3,2.037
EPN2,2.036
NVL,2.036
SPAG9,2.036
RAB11FIP5,2.036
STAM2,2.035
CCT3,2.035
C5,2.035
FPGS,2.0340000000000003
LXN,2.0340000000000003
NDUFS8,2.0340000000000003
COL24A1,2.033
SSTR2,2.033
AMMECR1L,2.033
YY1AP1,2.033
SCML1,2.032
ODR4,2.031
TICAM2,2.031
DUXA,2.031
VPS35L,2.03
DIP2C,2.03
RAD21,2.029
KRTCAP3,2.028
EMB,2.028
ZNF559,2.028
RNF6,2.028
ZNF709,2.0269999999999997
BRCC3,2.0269999999999997
ACAP3,2.0269999999999997
UBE2V2,2.026
AMIGO3,2.026
TINF2,2.026
TEC,2.025
TMEM171,2.025
DUOX2,2.025
CA8,2.025
OGFR,2.025
PCED1B,2.025
INTS8,2.024
CDKN2AIP,2.024
TMEM201,2.024
SURF1,2.024
NAA35,2.024
DPY19L4,2.024
SMU1,2.024
CSRNP2,2.023
DUOX1,2.023
MMP27,2.021
ATXN3,2.02
ZBTB22,2.02
ZMYM1,2.019
ZNF623,2.019
OR2S2,2.0180000000000002
ISYNA1,2.0180000000000002
VEZT,2.0180000000000002
ZGPAT,2.0180000000000002
HTRA1,2.0180000000000002
COMMD5,2.016
ANKRD49,2.016
DCTD,2.016
ARRDC1,2.015
TMEM253,2.015
IFI44L,2.0140000000000002
TRAPPC3L,2.0140000000000002
SNX27,2.013
STXBP3,2.013
PHC3,2.011
RMI1,2.011
RAB3GAP2,2.011
ABCD1,2.011
PPP1R13L,2.011
MX1,2.01
ZNF34,2.01
METTL3,2.009
ZNF526,2.008
HTR7,2.008
TAPBPL,2.0069999999999997
SNX19,2.0069999999999997
SEC14L2,2.0069999999999997
LZTS2,2.0069999999999997
PRICKLE2,2.0069999999999997
SH3TC2,2.0069999999999997
SLC1A1,2.006
FRMD8,2.006
HEATR4,2.006
CBLB,2.005
ANKAR,2.005
ZNF770,2.005
DSEL,2.005
WDR37,2.005
GON4L,2.005
TDRD7,2.004
ZFC3H1,2.004
CD58,2.002
FADS1,2.002
